{
  "hash": "b8643df2",
  "configHash": "5d78234b",
  "lockfileHash": "e20eeec4",
  "browserHash": "42cbc9e8",
  "optimized": {
    "@angular/common/http": {
      "src": "../../../../../node_modules/@angular/common/fesm2022/http.mjs",
      "file": "@angular_common_http.js",
      "fileHash": "b4f8a049",
      "needsInterop": false
    },
    "@angular/core": {
      "src": "../../../../../node_modules/@angular/core/fesm2022/core.mjs",
      "file": "@angular_core.js",
      "fileHash": "6b4ae6cd",
      "needsInterop": false
    },
    "@angular/forms": {
      "src": "../../../../../node_modules/@angular/forms/fesm2022/forms.mjs",
      "file": "@angular_forms.js",
      "fileHash": "75e91b78",
      "needsInterop": false
    },
    "@angular/platform-browser": {
      "src": "../../../../../node_modules/@angular/platform-browser/fesm2022/platform-browser.mjs",
      "file": "@angular_platform-browser.js",
      "fileHash": "eda24784",
      "needsInterop": false
    },
    "@angular/platform-browser/animations/async": {
      "src": "../../../../../node_modules/@angular/platform-browser/fesm2022/animations/async.mjs",
      "file": "@angular_platform-browser_animations_async.js",
      "fileHash": "0ded662c",
      "needsInterop": false
    },
    "@angular/router": {
      "src": "../../../../../node_modules/@angular/router/fesm2022/router.mjs",
      "file": "@angular_router.js",
      "fileHash": "a92b611f",
      "needsInterop": false
    }
  },
  "chunks": {
    "chunk-5DUZT552": {
      "file": "chunk-5DUZT552.js"
    },
    "chunk-YWINUSRY": {
      "file": "chunk-YWINUSRY.js"
    },
    "browser-YAW7JVT3": {
      "file": "browser-YAW7JVT3.js"
    },
    "chunk-5BBM4BSB": {
      "file": "chunk-5BBM4BSB.js"
    },
    "chunk-N3XTPJSH": {
      "file": "chunk-N3XTPJSH.js"
    }
  }
}